<?xml version="1.0"?>
<config xmlns:xsi="http://www.w3.org/2001/XMLSchema-instance"
        xsi:noNamespaceSchemaLocation="urn:magento:framework:ObjectManager/etc/config.xsd">
    <type name="Mirasvit\Core\Block\Adminhtml\Menu">
        <arguments>
            <argument name="menu" xsi:type="array">
                <item name="assistant" xsi:type="object">Mirasvit\Assistant\Block\Adminhtml\Menu</item>
            </argument>
        </arguments>
    </type>

    <type name="Magento\Catalog\Model\ResourceModel\Product">
        <plugin
            name="updateRuleProductRelation"
            type="Mirasvit\Assistant\Plugin\Backend\Product\UpdateRuleProductRelationPlugin"
            sortOrder="1000"
        />
    </type>
</config>
